Document,Topic_0,Topic_1,Topic_2,Topic_3,Dominant_Topic
달 결 보완 인공 지능 연속 인공 지능 환경 결 연속 인공 지능,7.94632756839203e-310,1.0,1.20630697759675e-309,1.32450379564521e-309,1
대화 인공 지능 음성 언어 인공 지능 대화 언어 이해 파이프라인 대화 공함 이해도 높이다 인공 지능 대화,0.11551902242055388,0.12072819237161815,0.09617907877386486,0.0713873738691139,-1
대화 인공 지능 일상 전문 지식 주제 대화 인공 지능 일상 대화 설명 법률 인공 지능 대화 공함 일상 대화 법률 지식 원활하다 공함 대화 몰입도 자연스럽다 움 높이다 대화 인공 지능,0.24362900460457,0.11341860772037671,0.14314071142440904,0.13789430828437088,0
인공 지능 보강 서버 인공 지능 논문 인공 지능 논문 보강 인공 지능 논문 저장 인공 지능 테스트 저장 인공 지능 논문 보강 인공 지능 논문 인공 지능 향상 참고 보강 인공 지능 보강 서버,1.03305304286587e-309,1.41925589524189e-309,1.0,1.2353702102428e-309,2
유사 양자화 인공 지능 학습 양자화 인공 지능 학습 인공 지능 학습 학습 학습 학습 양자화 양자화 양자화 학습 양자화 손실 분포 고려 양자화 재학 습하다 학습 유사 양자화 인공 지능 학습,0.09310895049239531,0.0898258299682242,0.09727023231389458,0.11131531775531583,-1
앤 인공 지능 설명 앤 인공 지능 설명 서버 인공 지능 설명 통신 설명 설명 인공 지능 설명 요구 인공 지능 앤 매니저 인공 지능 프레임워크 앤 매니저 설명 감안 설명 서버 설명 설명 주요 설명 주요 설명 서버 앤 매니저 설명 설명 설명 인공 지능 설명 앤 인공 지능 설명,0.2112762038735953,0.19303637098828333,0.31235757817416165,0.21283734350688618,-1
인공 지능 챗봇 케어 발화 음성 센서 챗봇 챗봇 네트워크 챗봇 챗봇 서버 캐릭터 챗봇 고령 시니어 인공 지능 챗봇 케어 사실 홀로 그래픽 기법 그래픽 직관 정보전 달이 인공 지능 인공 지능 음성 아바타 고령 인공 지능 거부 완화 사실 입 체감 홀로 그래픽 인공 지능 챗봇 케어,0.27147219180276716,0.1655953449532463,0.23131906149520817,0.22742882627121122,-1
인공 지능 합성 자동 인공 지능 자동 인공 지능 자동 온도 가중 치 가중 치 변 가중 가중 치 가중 치 비트 비트 비트 인공 지능 알고리즘 링 발 진기 이득 병렬 인공 지능 합성 자동 ai,1.17380443745866e-309,1.22566713923024e-309,1.0,1.363943017114804e-309,2
인공 지능 클라우드 도로포장 자동화 인공 지능 클라우드 도로포장 자동화 인공 지능 클라우드 포장 자동화 저장 스테레오 광학 카메라 열 카메라 도로포장 클라우드 열 인공 지능 클라우드 도로포장 자동화,0.0906282269913232,0.08195385313653314,0.1193458897552095,0.1296332116312767,-1
극 적절하다 제안 근력 강화 슈트 인공 지능 심박 심박 스마트 극 판 극 판 가하다 원통 신기 근력 강화 슈트 스마트 근력 강화 슈트 무선 통신 스마트 근력 강화 슈트 저장 학습 서버 근력 강화 슈트 인공 지능,1.0,7.43851876885765e-310,9.90575018185636e-310,6.8018130576211e-310,0
인공 지능 가상 캐릭터 인공 지능 가상 캐릭터 카메라 하나로 인공 지능 가상 캐릭터 생체 달성 가상 캐릭터 인공 지능 가상 캐릭터 ai,6.86591624708694e-310,8.8079222072984e-310,1.27159605384579e-309,1.0,3
인공 지능 위기 인공 지능 비명 위기 음성 음성 음성 비명 위기 위기 라면 위기 인공 지능 실시간 위기,8.95448909645304e-310,1.37498188448061e-309,1.48414442876471e-309,1.0,3
랙션 인공 지능 경연 대회 운영 경 대 스케줄 일정 나누어지다 랩 채점 스크립트 저장 채점 일정 나누어지다 랩 랩 참가자 답안 경연 대회 채점 스크립트 랭킹 참가자 랭킹 정 참가자 네트워킹 경연 대회 개최 서버 경연 대회 개최 서버 네트워킹 참가자 인공 지능 프로그래밍 향상 요구 인공 지능 솔루션 발굴 랙션 인공 지능 경연 대회 운영,1.0,7.14519640947497e-310,1.050023027425356e-309,7.3773380636459e-310,0
인공 지능 센서 센서 인공 지능 인공 지능 상호 전력 센서 센서 저장 휘발 센서 센서 센서 휘발 저장 센서 센서 센서 휘발 휘발 저장 센서 인공 지능 휘발 저장 센서 인공 지능,8.7102695196833e-310,1.0,1.48979899318873e-309,1.04973551035499e-309,1
인공 지능 신경망 분류 추적 인공 지능 신경망 내다 분류 추적 학습 신경망 학습 학습 빔포밍 입력값 학습 인공 지능 신경망 학습 신경망 학습 인공 지능 신경망 추론 빔포밍 추론 추론 추론 분류 추적 정확성 공간 분해능 우수하다 분류 추적 이점 인공 지능 신경망 분류 추적,0.1610082846398556,0.2669029595094975,0.2953246584764708,0.19900709732468772,-1
달 결 보완 인공 지능 연속 인공 지능 환경 결 연속 인공 지능,7.9602899169061e-310,1.0,1.2064337825402e-309,1.315712180478666e-309,1
대화 인공 지능 음성 언어 인공 지능 대화 언어 이해 파이프라인 대화 공함 이해도 높이다 인공 지능 대화,0.11570607300975862,0.12059516001263074,0.09616049969444636,0.0713519347183151,-1
대화 인공 지능 일상 전문 지식 주제 대화 인공 지능 일상 대화 설명 법률 인공 지능 대화 공함 일상 대화 법률 지식 원활하다 공함 대화 몰입도 자연스럽다 움 높이다 대화 인공 지능,0.2445039162026808,0.11314255828494373,0.14290113588554712,0.13753502166055498,0
인공 지능 보강 서버 인공 지능 논문 인공 지능 논문 보강 인공 지능 논문 저장 인공 지능 테스트 저장 인공 지능 논문 보강 인공 지능 논문 인공 지능 향상 참고 보강 인공 지능 보강 서버,1.026289124349453e-309,1.40458544108699e-309,1.0,1.25288911551925e-309,2
유사 양자화 인공 지능 학습 양자화 인공 지능 학습 인공 지능 학습 학습 학습 학습 양자화 양자화 양자화 학습 양자화 손실 분포 고려 양자화 재학 습하다 학습 유사 양자화 인공 지능 학습,0.09296853972930895,0.08976033149701873,0.09731777542582296,0.11147368387767932,-1
앤 인공 지능 설명 앤 인공 지능 설명 서버 인공 지능 설명 통신 설명 설명 인공 지능 설명 요구 인공 지능 앤 매니저 인공 지능 프레임워크 앤 매니저 설명 감안 설명 서버 설명 설명 주요 설명 주요 설명 서버 앤 매니저 설명 설명 설명 인공 지능 설명 앤 인공 지능 설명,0.21128115590748398,0.1924381587825846,0.312985716215048,0.21280246563780997,-1
인공 지능 챗봇 케어 발화 음성 센서 챗봇 챗봇 네트워크 챗봇 챗봇 서버 캐릭터 챗봇 고령 시니어 인공 지능 챗봇 케어 사실 홀로 그래픽 기법 그래픽 직관 정보전 달이 인공 지능 인공 지능 음성 아바타 고령 인공 지능 거부 완화 사실 입 체감 홀로 그래픽 인공 지능 챗봇 케어,0.2722403950237969,0.16581918128418732,0.2308909486372993,0.2268648995771494,-1
인공 지능 합성 자동 인공 지능 자동 인공 지능 자동 온도 가중 치 가중 치 변 가중 가중 치 가중 치 비트 비트 비트 인공 지능 알고리즘 링 발 진기 이득 병렬 인공 지능 합성 자동 ai,1.17427163109582e-309,1.226541836127835e-309,1.0,1.36494891766916e-309,2
인공 지능 클라우드 도로포장 자동화 인공 지능 클라우드 도로포장 자동화 인공 지능 클라우드 포장 자동화 저장 스테레오 광학 카메라 열 카메라 도로포장 클라우드 열 인공 지능 클라우드 도로포장 자동화,0.090547359815438,0.08196189921291828,0.1193260450362173,0.1297258774497689,-1
극 적절하다 제안 근력 강화 슈트 인공 지능 심박 심박 스마트 극 판 극 판 가하다 원통 신기 근력 강화 슈트 스마트 근력 강화 슈트 무선 통신 스마트 근력 강화 슈트 저장 학습 서버 근력 강화 슈트 인공 지능,1.0,7.43099889900255e-310,9.8726849660583e-310,6.79003565305323e-310,0
인공 지능 가상 캐릭터 인공 지능 가상 캐릭터 카메라 하나로 인공 지능 가상 캐릭터 생체 달성 가상 캐릭터 인공 지능 가상 캐릭터 ai,6.8491692591452e-310,8.7629487881853e-310,1.26314576257614e-309,1.0,3
인공 지능 위기 인공 지능 비명 위기 음성 음성 음성 비명 위기 위기 라면 위기 인공 지능 실시간 위기,9.0819895656993e-310,1.37176624553907e-309,1.51397802854401e-309,1.0,3
랙션 인공 지능 경연 대회 운영 경 대 스케줄 일정 나누어지다 랩 채점 스크립트 저장 채점 일정 나누어지다 랩 랩 참가자 답안 경연 대회 채점 스크립트 랭킹 참가자 랭킹 정 참가자 네트워킹 경연 대회 개최 서버 경연 대회 개최 서버 네트워킹 참가자 인공 지능 프로그래밍 향상 요구 인공 지능 솔루션 발굴 랙션 인공 지능 경연 대회 운영,1.0,7.142563702773e-310,1.04797976188525e-309,7.33966961992484e-310,0
인공 지능 센서 센서 인공 지능 인공 지능 상호 전력 센서 센서 저장 휘발 센서 센서 센서 휘발 저장 센서 센서 센서 휘발 휘발 저장 센서 인공 지능 휘발 저장 센서 인공 지능,8.77046990454613e-310,1.0,1.50215011530088e-309,1.05335672206083e-309,1
인공 지능 신경망 분류 추적 인공 지능 신경망 내다 분류 추적 학습 신경망 학습 학습 빔포밍 입력값 학습 인공 지능 신경망 학습 신경망 학습 인공 지능 신경망 추론 빔포밍 추론 추론 추론 분류 추적 정확성 공간 분해능 우수하다 분류 추적 이점 인공 지능 신경망 분류 추적,0.16126644507850219,0.26722039912948814,0.2946827848446608,0.19907337089786029,-1
달 결 보완 인공 지능 연속 인공 지능 환경 결 연속 인공 지능,7.9741955729255e-310,1.0,1.20647017416461e-309,1.306891525629566e-309,1
대화 인공 지능 음성 언어 인공 지능 대화 언어 이해 파이프라인 대화 공함 이해도 높이다 인공 지능 대화,0.11643699052969206,0.12007618144468779,0.0960861039841565,0.0712143914766145,-1
대화 인공 지능 일상 전문 지식 주제 대화 인공 지능 일상 대화 설명 법률 인공 지능 대화 공함 일상 대화 법률 지식 원활하다 공함 대화 몰입도 자연스럽다 움 높이다 대화 인공 지능,0.24521688172446052,0.11277964477174453,0.1429836170991568,0.1371024884383648,0
인공 지능 보강 서버 인공 지능 논문 인공 지능 논문 보강 인공 지능 논문 저장 인공 지능 테스트 저장 인공 지능 논문 보강 인공 지능 논문 인공 지능 향상 참고 보강 인공 지능 보강 서버,1.025777768924675e-309,1.403480045098815e-309,1.0,1.25420619137187e-309,2
유사 양자화 인공 지능 학습 양자화 인공 지능 학습 인공 지능 학습 학습 학습 학습 양자화 양자화 양자화 학습 양자화 손실 분포 고려 양자화 재학 습하다 학습 유사 양자화 인공 지능 학습,0.09319520683022083,0.08986311600756985,0.0972256286902716,0.11123637900176768,-1
앤 인공 지능 설명 앤 인공 지능 설명 서버 인공 지능 설명 통신 설명 설명 인공 지능 설명 요구 인공 지능 앤 매니저 인공 지능 프레임워크 앤 매니저 설명 감안 설명 서버 설명 설명 주요 설명 주요 설명 서버 앤 매니저 설명 설명 설명 인공 지능 설명 앤 인공 지능 설명,0.21127601915737598,0.19322267846402014,0.31215997548768043,0.21284882343384998,-1
인공 지능 챗봇 케어 발화 음성 센서 챗봇 챗봇 네트워크 챗봇 챗봇 서버 캐릭터 챗봇 고령 시니어 인공 지능 챗봇 케어 사실 홀로 그래픽 기법 그래픽 직관 정보전 달이 인공 지능 인공 지능 음성 아바타 고령 인공 지능 거부 완화 사실 입 체감 홀로 그래픽 인공 지능 챗봇 케어,0.27240202871551455,0.16586806439567373,0.23079991758268414,0.22674541382856042,-1
인공 지능 합성 자동 인공 지능 자동 인공 지능 자동 온도 가중 치 가중 치 변 가중 가중 치 가중 치 비트 비트 비트 인공 지능 알고리즘 링 발 진기 이득 병렬 인공 지능 합성 자동 ai,1.17068557071575e-309,1.219926430546337e-309,1.0,1.35731872665791e-309,2
인공 지능 클라우드 도로포장 자동화 인공 지능 클라우드 도로포장 자동화 인공 지능 클라우드 포장 자동화 저장 스테레오 광학 카메라 열 카메라 도로포장 클라우드 열 인공 지능 클라우드 도로포장 자동화,0.09033578460213294,0.08199912901153668,0.11938863633498376,0.1298376315656891,-1
극 적절하다 제안 근력 강화 슈트 인공 지능 심박 심박 스마트 극 판 극 판 가하다 원통 신기 근력 강화 슈트 스마트 근력 강화 슈트 무선 통신 스마트 근력 강화 슈트 저장 학습 서버 근력 강화 슈트 인공 지능,1.0,7.4207667387565e-310,9.8283686729443e-310,6.7742137246285e-310,0
인공 지능 가상 캐릭터 인공 지능 가상 캐릭터 카메라 하나로 인공 지능 가상 캐릭터 생체 달성 가상 캐릭터 인공 지능 가상 캐릭터 ai,6.8563545380348e-310,8.80373221758243e-310,1.26782310119814e-309,1.0,3
인공 지능 위기 인공 지능 비명 위기 음성 음성 음성 비명 위기 위기 라면 위기 인공 지능 실시간 위기,9.00818495874564e-310,1.37455680083472e-309,1.500318948315166e-309,1.0,3
랙션 인공 지능 경연 대회 운영 경 대 스케줄 일정 나누어지다 랩 채점 스크립트 저장 채점 일정 나누어지다 랩 랩 참가자 답안 경연 대회 채점 스크립트 랭킹 참가자 랭킹 정 참가자 네트워킹 경연 대회 개최 서버 경연 대회 개최 서버 네트워킹 참가자 인공 지능 프로그래밍 향상 요구 인공 지능 솔루션 발굴 랙션 인공 지능 경연 대회 운영,1.0,7.1387349482203e-310,1.048638256010625e-309,7.34809621439536e-310,0
인공 지능 센서 센서 인공 지능 인공 지능 상호 전력 센서 센서 저장 휘발 센서 센서 센서 휘발 저장 센서 센서 센서 휘발 휘발 저장 센서 인공 지능 휘발 저장 센서 인공 지능,8.73770948012056e-310,1.0,1.49545724577946e-309,1.051407820289724e-309,1
인공 지능 신경망 분류 추적 인공 지능 신경망 내다 분류 추적 학습 신경망 학습 학습 빔포밍 입력값 학습 인공 지능 신경망 학습 신경망 학습 인공 지능 신경망 추론 빔포밍 추론 추론 추론 분류 추적 정확성 공간 분해능 우수하다 분류 추적 이점 인공 지능 신경망 분류 추적,0.16142806407239393,0.2669647086412557,0.29524322372522477,0.19860700351163715,-1
달 결 보완 인공 지능 연속 인공 지능 환경 결 연속 인공 지능,7.9633664549098e-310,1.0,1.20644512026653e-309,1.313752283727696e-309,1
대화 인공 지능 음성 언어 인공 지능 대화 언어 이해 파이프라인 대화 공함 이해도 높이다 인공 지능 대화,0.1160922597027027,0.1203207902900681,0.0961215502689121,0.07127906717346785,-1
대화 인공 지능 일상 전문 지식 주제 대화 인공 지능 일상 대화 설명 법률 인공 지능 대화 공함 일상 대화 법률 지식 원활하다 공함 대화 몰입도 자연스럽다 움 높이다 대화 인공 지능,0.24646017091059064,0.11229667707678773,0.14281928322906687,0.1365065008172813,0
인공 지능 보강 서버 인공 지능 논문 인공 지능 논문 보강 인공 지능 논문 저장 인공 지능 테스트 저장 인공 지능 논문 보강 인공 지능 논문 인공 지능 향상 참고 보강 인공 지능 보강 서버,1.022205412629445e-309,1.395763796712984e-309,1.0,1.263370407386285e-309,2
유사 양자화 인공 지능 학습 양자화 인공 지능 학습 인공 지능 학습 학습 학습 학습 양자화 양자화 양자화 학습 양자화 손실 분포 고려 양자화 재학 습하다 학습 유사 양자화 인공 지능 학습,0.09334811876834191,0.08993627770543941,0.09718461835681963,0.11105131569922903,-1
앤 인공 지능 설명 앤 인공 지능 설명 서버 인공 지능 설명 통신 설명 설명 인공 지능 설명 요구 인공 지능 앤 매니저 인공 지능 프레임워크 앤 매니저 설명 감안 설명 서버 설명 설명 주요 설명 주요 설명 서버 앤 매니저 설명 설명 설명 인공 지능 설명 앤 인공 지능 설명,0.211278147447534,0.1927952952614573,0.31261111506531297,0.2128229387686223,-1
인공 지능 챗봇 케어 발화 음성 센서 챗봇 챗봇 네트워크 챗봇 챗봇 서버 캐릭터 챗봇 고령 시니어 인공 지능 챗봇 케어 사실 홀로 그래픽 기법 그래픽 직관 정보전 달이 인공 지능 인공 지능 음성 아바타 고령 인공 지능 거부 완화 사실 입 체감 홀로 그래픽 인공 지능 챗봇 케어,0.2723681377717185,0.16585777687764405,0.23081902770263701,0.22677048217043327,-1
인공 지능 합성 자동 인공 지능 자동 인공 지능 자동 온도 가중 치 가중 치 변 가중 가중 치 가중 치 비트 비트 비트 인공 지능 알고리즘 링 발 진기 이득 병렬 인공 지능 합성 자동 ai,1.17438087941376e-309,1.22673791941184e-309,1.0,1.36517693113792e-309,2
인공 지능 클라우드 도로포장 자동화 인공 지능 클라우드 도로포장 자동화 인공 지능 클라우드 포장 자동화 저장 스테레오 광학 카메라 열 카메라 도로포장 클라우드 열 인공 지능 클라우드 도로포장 자동화,0.09022808747175094,0.08194467487650461,0.11951495055050933,0.12987346861557764,-1
극 적절하다 제안 근력 강화 슈트 인공 지능 심박 심박 스마트 극 판 극 판 가하다 원통 신기 근력 강화 슈트 스마트 근력 강화 슈트 무선 통신 스마트 근력 강화 슈트 저장 학습 서버 근력 강화 슈트 인공 지능,1.0,7.4369634680501e-310,9.8988883477713e-310,6.79936896898485e-310,0
인공 지능 가상 캐릭터 인공 지능 가상 캐릭터 카메라 하나로 인공 지능 가상 캐릭터 생체 달성 가상 캐릭터 인공 지능 가상 캐릭터 ai,6.8910467062509e-310,8.83142031882936e-310,1.27834920323119e-309,1.0,3
인공 지능 위기 인공 지능 비명 위기 음성 음성 음성 비명 위기 위기 라면 위기 인공 지능 실시간 위기,9.06248941753297e-310,1.36999251095334e-309,1.49902381194682e-309,1.0,3
랙션 인공 지능 경연 대회 운영 경 대 스케줄 일정 나누어지다 랩 채점 스크립트 저장 채점 일정 나누어지다 랩 랩 참가자 답안 경연 대회 채점 스크립트 랭킹 참가자 랭킹 정 참가자 네트워킹 경연 대회 개최 서버 경연 대회 개최 서버 네트워킹 참가자 인공 지능 프로그래밍 향상 요구 인공 지능 솔루션 발굴 랙션 인공 지능 경연 대회 운영,1.0,7.1301840456654e-310,1.04767551397633e-309,7.3381964595974e-310,0
인공 지능 센서 센서 인공 지능 인공 지능 상호 전력 센서 센서 저장 휘발 센서 센서 센서 휘발 저장 센서 센서 센서 휘발 휘발 저장 센서 인공 지능 휘발 저장 센서 인공 지능,8.7162315991263e-310,1.0,1.491025903998647e-309,1.05009691339168e-309,1
인공 지능 신경망 분류 추적 인공 지능 신경망 내다 분류 추적 학습 신경망 학습 학습 빔포밍 입력값 학습 인공 지능 신경망 학습 신경망 학습 인공 지능 신경망 추론 빔포밍 추론 추론 추론 분류 추적 정확성 공간 분해능 우수하다 분류 추적 이점 인공 지능 신경망 분류 추적,0.16091110903638187,0.2675958005366095,0.294908957717529,0.19882713265999133,-1
달 결 보완 인공 지능 연속 인공 지능 환경 결 연속 인공 지능,7.98267721069917e-310,1.0,1.20645871576643e-309,1.301480525621927e-309,1
대화 인공 지능 음성 언어 인공 지능 대화 언어 이해 파이프라인 대화 공함 이해도 높이다 인공 지능 대화,0.11549050718514454,0.12074851191565403,0.09618190870109392,0.07139273963325832,-1
대화 인공 지능 일상 전문 지식 주제 대화 인공 지능 일상 대화 설명 법률 인공 지능 대화 공함 일상 대화 법률 지식 원활하다 공함 대화 몰입도 자연스럽다 움 높이다 대화 인공 지능,0.2464072454920589,0.11231327854963141,0.14281298063698464,0.13654912735505173,0
인공 지능 보강 서버 인공 지능 논문 인공 지능 논문 보강 인공 지능 논문 저장 인공 지능 테스트 저장 인공 지능 논문 보강 인공 지능 논문 인공 지능 향상 참고 보강 인공 지능 보강 서버,1.031174197835605e-309,1.41517294172354e-309,1.0,1.24024905290898e-309,2
유사 양자화 인공 지능 학습 양자화 인공 지능 학습 인공 지능 학습 학습 학습 학습 양자화 양자화 양자화 학습 양자화 손실 분포 고려 양자화 재학 습하다 학습 유사 양자화 인공 지능 학습,0.09309836055864666,0.08981672152419086,0.09725248667182787,0.1113527617751645,-1
앤 인공 지능 설명 앤 인공 지능 설명 서버 인공 지능 설명 통신 설명 설명 인공 지능 설명 요구 인공 지능 앤 매니저 인공 지능 프레임워크 앤 매니저 설명 감안 설명 서버 설명 설명 주요 설명 주요 설명 서버 앤 매니저 설명 설명 설명 인공 지능 설명 앤 인공 지능 설명,0.211280532564406,0.19249890744045212,0.31292209646360836,0.21280596007446004,-1
인공 지능 챗봇 케어 발화 음성 센서 챗봇 챗봇 네트워크 챗봇 챗봇 서버 캐릭터 챗봇 고령 시니어 인공 지능 챗봇 케어 사실 홀로 그래픽 기법 그래픽 직관 정보전 달이 인공 지능 인공 지능 음성 아바타 고령 인공 지능 거부 완화 사실 입 체감 홀로 그래픽 인공 지능 챗봇 케어,0.2718807339048933,0.1657127538726859,0.23109223601128995,0.22712970073356384,-1
인공 지능 합성 자동 인공 지능 자동 인공 지능 자동 온도 가중 치 가중 치 변 가중 가중 치 가중 치 비트 비트 비트 인공 지능 알고리즘 링 발 진기 이득 병렬 인공 지능 합성 자동 ai,1.17649330174872e-309,1.230686727291424e-309,1.0,1.369727977230807e-309,2
인공 지능 클라우드 도로포장 자동화 인공 지능 클라우드 도로포장 자동화 인공 지능 클라우드 포장 자동화 저장 스테레오 광학 카메라 열 카메라 도로포장 클라우드 열 인공 지능 클라우드 도로포장 자동화,0.09043674446032963,0.08200797827858333,0.11929555867327075,0.1298209001021588,-1
극 적절하다 제안 근력 강화 슈트 인공 지능 심박 심박 스마트 극 판 극 판 가하다 원통 신기 근력 강화 슈트 스마트 근력 강화 슈트 무선 통신 스마트 근력 강화 슈트 저장 학습 서버 근력 강화 슈트 인공 지능,1.0,7.44547824143097e-310,9.93694674818343e-310,6.8128508899563e-310,0
인공 지능 가상 캐릭터 인공 지능 가상 캐릭터 카메라 하나로 인공 지능 가상 캐릭터 생체 달성 가상 캐릭터 인공 지능 가상 캐릭터 ai,6.83233438504813e-310,8.70264271170616e-310,1.2534814948477e-309,1.0,3
인공 지능 위기 인공 지능 비명 위기 음성 음성 음성 비명 위기 위기 라면 위기 인공 지능 실시간 위기,9.04520211516293e-310,1.371239204195314e-309,1.498428497835847e-309,1.0,3
랙션 인공 지능 경연 대회 운영 경 대 스케줄 일정 나누어지다 랩 채점 스크립트 저장 채점 일정 나누어지다 랩 랩 참가자 답안 경연 대회 채점 스크립트 랭킹 참가자 랭킹 정 참가자 네트워킹 경연 대회 개최 서버 경연 대회 개최 서버 네트워킹 참가자 인공 지능 프로그래밍 향상 요구 인공 지능 솔루션 발굴 랙션 인공 지능 경연 대회 운영,1.0,7.1325656470619e-310,1.05249473166707e-309,7.35411445392963e-310,0
인공 지능 센서 센서 인공 지능 인공 지능 상호 전력 센서 센서 저장 휘발 센서 센서 센서 휘발 저장 센서 센서 센서 휘발 휘발 저장 센서 인공 지능 휘발 저장 센서 인공 지능,8.7966953011102e-310,1.0,1.50748747165523e-309,1.05489895538169e-309,1
인공 지능 신경망 분류 추적 인공 지능 신경망 내다 분류 추적 학습 신경망 학습 학습 빔포밍 입력값 학습 인공 지능 신경망 학습 신경망 학습 인공 지능 신경망 추론 빔포밍 추론 추론 추론 분류 추적 정확성 공간 분해능 우수하다 분류 추적 이점 인공 지능 신경망 분류 추적,0.16122649295131536,0.2667137540296913,0.2952902044432404,0.19901254852626468,-1
달 결 보완 인공 지능 연속 인공 지능 환경 결 연속 인공 지능,7.9867052595518e-310,1.0,1.206466896595553e-309,1.29890521512764e-309,1
대화 인공 지능 음성 언어 인공 지능 대화 언어 이해 파이프라인 대화 공함 이해도 높이다 인공 지능 대화,0.11612300971080705,0.12029894707845368,0.09611841047058123,0.07127330017530882,-1
대화 인공 지능 일상 전문 지식 주제 대화 인공 지능 일상 대화 설명 법률 인공 지능 대화 공함 일상 대화 법률 지식 원활하다 공함 대화 몰입도 자연스럽다 움 높이다 대화 인공 지능,0.2426414422003879,0.11364508826088043,0.1435739030531022,0.13822219851935616,0
인공 지능 보강 서버 인공 지능 논문 인공 지능 논문 보강 인공 지능 논문 저장 인공 지능 테스트 저장 인공 지능 논문 보강 인공 지능 논문 인공 지능 향상 참고 보강 인공 지능 보강 서버,1.027334400553635e-309,1.406849844323754e-309,1.0,1.2501864503213e-309,2
유사 양자화 인공 지능 학습 양자화 인공 지능 학습 인공 지능 학습 학습 학습 학습 양자화 양자화 양자화 학습 양자화 손실 분포 고려 양자화 재학 습하다 학습 유사 양자화 인공 지능 학습,0.09326480847336409,0.08989333704180795,0.09719123999973203,0.11117094501492585,-1
앤 인공 지능 설명 앤 인공 지능 설명 서버 인공 지능 설명 통신 설명 설명 인공 지능 설명 요구 인공 지능 앤 매니저 인공 지능 프레임워크 앤 매니저 설명 감안 설명 서버 설명 설명 주요 설명 주요 설명 서버 앤 매니저 설명 설명 설명 인공 지능 설명 앤 인공 지능 설명,0.2112754757275013,0.19341358065039368,0.3119574264811673,0.21286101368386415,-1
인공 지능 챗봇 케어 발화 음성 센서 챗봇 챗봇 네트워크 챗봇 챗봇 서버 캐릭터 챗봇 고령 시니어 인공 지능 챗봇 케어 사실 홀로 그래픽 기법 그래픽 직관 정보전 달이 인공 지능 인공 지능 음성 아바타 고령 인공 지능 거부 완화 사실 입 체감 홀로 그래픽 인공 지능 챗봇 케어,0.27275225216566557,0.1659762167990532,0.23060153894100782,0.22648541661670638,-1
인공 지능 합성 자동 인공 지능 자동 인공 지능 자동 온도 가중 치 가중 치 변 가중 가중 치 가중 치 비트 비트 비트 인공 지능 알고리즘 링 발 진기 이득 병렬 인공 지능 합성 자동 ai,1.175327960226625e-309,1.2284943034767e-309,1.0,1.367200726178145e-309,2
인공 지능 클라우드 도로포장 자동화 인공 지능 클라우드 도로포장 자동화 인공 지능 클라우드 포장 자동화 저장 스테레오 광학 카메라 열 카메라 도로포장 클라우드 열 인공 지능 클라우드 도로포장 자동화,0.0906745573596578,0.08197335852955528,0.11924761487367194,0.1296656507514574,-1
극 적절하다 제안 근력 강화 슈트 인공 지능 심박 심박 스마트 극 판 극 판 가하다 원통 신기 근력 강화 슈트 스마트 근력 강화 슈트 무선 통신 스마트 근력 강화 슈트 저장 학습 서버 근력 강화 슈트 인공 지능,1.0,7.41858364114164e-310,9.81907203289617e-310,6.77087579874794e-310,0
인공 지능 가상 캐릭터 인공 지능 가상 캐릭터 카메라 하나로 인공 지능 가상 캐릭터 생체 달성 가상 캐릭터 인공 지능 가상 캐릭터 ai,6.842582034764e-310,8.7738163335643e-310,1.262836881602236e-309,1.0,3
인공 지능 위기 인공 지능 비명 위기 음성 음성 음성 비명 위기 위기 라면 위기 인공 지능 실시간 위기,8.98550849246593e-310,1.374299229455515e-309,1.491440764194826e-309,1.0,3
랙션 인공 지능 경연 대회 운영 경 대 스케줄 일정 나누어지다 랩 채점 스크립트 저장 채점 일정 나누어지다 랩 랩 참가자 답안 경연 대회 채점 스크립트 랭킹 참가자 랭킹 정 참가자 네트워킹 경연 대회 개최 서버 경연 대회 개최 서버 네트워킹 참가자 인공 지능 프로그래밍 향상 요구 인공 지능 솔루션 발굴 랙션 인공 지능 경연 대회 운영,1.0,7.1439670730671e-310,1.051657685557835e-309,7.33348851296987e-310,0
인공 지능 센서 센서 인공 지능 인공 지능 상호 전력 센서 센서 저장 휘발 센서 센서 센서 휘발 저장 센서 센서 센서 휘발 휘발 저장 센서 인공 지능 휘발 저장 센서 인공 지능,8.793788514711e-310,1.0,1.506902728873447e-309,1.05473276707179e-309,1
인공 지능 신경망 분류 추적 인공 지능 신경망 내다 분류 추적 학습 신경망 학습 학습 빔포밍 입력값 학습 인공 지능 신경망 학습 신경망 학습 인공 지능 신경망 추론 빔포밍 추론 추론 추론 분류 추적 정확성 공간 분해능 우수하다 분류 추적 이점 인공 지능 신경망 분류 추적,0.1613144481005381,0.26709342059232843,0.29529916287955055,0.19853596837809456,-1
달 결 보완 인공 지능 연속 인공 지능 환경 결 연속 인공 지능,7.94884616352025e-310,1.0,1.20632973230992e-309,1.322899872666273e-309,1
대화 인공 지능 음성 언어 인공 지능 대화 언어 이해 파이프라인 대화 공함 이해도 높이다 인공 지능 대화,0.11653107160917206,0.12000947854724918,0.09607632509036455,0.07119679218836499,-1
대화 인공 지능 일상 전문 지식 주제 대화 인공 지능 일상 대화 설명 법률 인공 지능 대화 공함 일상 대화 법률 지식 원활하다 공함 대화 몰입도 자연스럽다 움 높이다 대화 인공 지능,0.2429936571917391,0.11363642977746903,0.1432728509832136,0.1381796940813049,0
인공 지능 보강 서버 인공 지능 논문 인공 지능 논문 보강 인공 지능 논문 저장 인공 지능 테스트 저장 인공 지능 논문 보강 인공 지능 논문 인공 지능 향상 참고 보강 인공 지능 보강 서버,1.03605644303057e-309,1.42579184394994e-309,1.0,1.227524150720327e-309,2
유사 양자화 인공 지능 학습 양자화 인공 지능 학습 인공 지능 학습 학습 학습 학습 양자화 양자화 양자화 학습 양자화 손실 분포 고려 양자화 재학 습하다 학습 유사 양자화 인공 지능 학습,0.09313831604121289,0.08984027005603226,0.09726348290571718,0.11127826152686761,-1
앤 인공 지능 설명 앤 인공 지능 설명 서버 인공 지능 설명 통신 설명 설명 인공 지능 설명 요구 인공 지능 앤 매니저 인공 지능 프레임워크 앤 매니저 설명 감안 설명 서버 설명 설명 주요 설명 주요 설명 서버 앤 매니저 설명 설명 설명 인공 지능 설명 앤 인공 지능 설명,0.21128627139047168,0.19203894155312162,0.3134014560985691,0.21278082750076407,-1
인공 지능 챗봇 케어 발화 음성 센서 챗봇 챗봇 네트워크 챗봇 챗봇 서버 캐릭터 챗봇 고령 시니어 인공 지능 챗봇 케어 사실 홀로 그래픽 기법 그래픽 직관 정보전 달이 인공 지능 인공 지능 음성 아바타 고령 인공 지능 거부 완화 사실 입 체감 홀로 그래픽 인공 지능 챗봇 케어,0.27183104212680326,0.16569830593829024,0.231119887346006,0.22716618911133343,-1
인공 지능 합성 자동 인공 지능 자동 인공 지능 자동 온도 가중 치 가중 치 변 가중 가중 치 가중 치 비트 비트 비트 인공 지능 알고리즘 링 발 진기 이득 병렬 인공 지능 합성 자동 ai,1.17110696206833e-309,1.220697002287335e-309,1.0,1.35820742493705e-309,2
인공 지능 클라우드 도로포장 자동화 인공 지능 클라우드 도로포장 자동화 인공 지능 클라우드 포장 자동화 저장 스테레오 광학 카메라 열 카메라 도로포장 클라우드 열 인공 지능 클라우드 도로포장 자동화,0.09060773286914389,0.08192908716834994,0.11935690344945307,0.12966745802739557,-1
극 적절하다 제안 근력 강화 슈트 인공 지능 심박 심박 스마트 극 판 극 판 가하다 원통 신기 근력 강화 슈트 스마트 근력 강화 슈트 무선 통신 스마트 근력 강화 슈트 저장 학습 서버 근력 강화 슈트 인공 지능,1.0,7.4291311869013e-310,9.86450629741173e-310,6.78712632756753e-310,0
인공 지능 가상 캐릭터 인공 지능 가상 캐릭터 카메라 하나로 인공 지능 가상 캐릭터 생체 달성 가상 캐릭터 인공 지능 가상 캐릭터 ai,6.8622648875864e-310,8.8240531420526e-310,1.27123820202961e-309,1.0,3
인공 지능 위기 인공 지능 비명 위기 음성 음성 음성 비명 위기 위기 라면 위기 인공 지능 실시간 위기,8.96990604991355e-310,1.375793841753777e-309,1.492719998311325e-309,1.0,3
랙션 인공 지능 경연 대회 운영 경 대 스케줄 일정 나누어지다 랩 채점 스크립트 저장 채점 일정 나누어지다 랩 랩 참가자 답안 경연 대회 채점 스크립트 랭킹 참가자 랭킹 정 참가자 네트워킹 경연 대회 개최 서버 경연 대회 개최 서버 네트워킹 참가자 인공 지능 프로그래밍 향상 요구 인공 지능 솔루션 발굴 랙션 인공 지능 경연 대회 운영,1.0,7.1446500444865e-310,1.050174658520625e-309,7.32914470323305e-310,0
인공 지능 센서 센서 인공 지능 인공 지능 상호 전력 센서 센서 저장 휘발 센서 센서 센서 휘발 저장 센서 센서 센서 휘발 휘발 저장 센서 인공 지능 휘발 저장 센서 인공 지능,8.8315613696746e-310,1.0,1.51453536309132e-309,1.056909191989714e-309,1
인공 지능 신경망 분류 추적 인공 지능 신경망 내다 분류 추적 학습 신경망 학습 학습 빔포밍 입력값 학습 인공 지능 신경망 학습 신경망 학습 인공 지능 신경망 추론 빔포밍 추론 추론 추론 분류 추적 정확성 공간 분해능 우수하다 분류 추적 이점 인공 지능 신경망 분류 추적,0.16138461303080606,0.26691293279942807,0.29541678247917,0.19852867164110738,-1
달 결 보완 인공 지능 연속 인공 지능 환경 결 연속 인공 지능,7.96664040792084e-310,1.0,1.20645390943618e-309,1.311668337555335e-309,1
대화 인공 지능 음성 언어 인공 지능 대화 언어 이해 파이프라인 대화 공함 이해도 높이다 인공 지능 대화,0.11610461035283837,0.12031201136589566,0.09612029079351012,0.07127675492290665,-1
대화 인공 지능 일상 전문 지식 주제 대화 인공 지능 일상 대화 설명 법률 인공 지능 대화 공함 일상 대화 법률 지식 원활하다 공함 대화 몰입도 자연스럽다 움 높이다 대화 인공 지능,0.2450429294404871,0.11285360473504152,0.1429889004874029,0.1371971973707951,0
인공 지능 보강 서버 인공 지능 논문 인공 지능 논문 보강 인공 지능 논문 저장 인공 지능 테스트 저장 인공 지능 논문 보강 인공 지능 논문 인공 지능 향상 참고 보강 인공 지능 보강 서버,1.0360365468321e-309,1.42574913038449e-309,1.0,1.227573589053318e-309,2
유사 양자화 인공 지능 학습 양자화 인공 지능 학습 인공 지능 학습 학습 학습 학습 양자화 양자화 양자화 학습 양자화 손실 분포 고려 양자화 재학 습하다 학습 유사 양자화 인공 지능 학습,0.09296058699317136,0.08975414829804655,0.0973053770119706,0.1115002182266414,-1
앤 인공 지능 설명 앤 인공 지능 설명 서버 인공 지능 설명 통신 설명 설명 인공 지능 설명 요구 인공 지능 앤 매니저 인공 지능 프레임워크 앤 매니저 설명 감안 설명 서버 설명 설명 주요 설명 주요 설명 서버 앤 매니저 설명 설명 설명 인공 지능 설명 앤 인공 지능 설명,0.21127930942328202,0.19266985617526244,0.31274276864036404,0.21281556230401807,-1
인공 지능 챗봇 케어 발화 음성 센서 챗봇 챗봇 네트워크 챗봇 챗봇 서버 캐릭터 챗봇 고령 시니어 인공 지능 챗봇 케어 사실 홀로 그래픽 기법 그래픽 직관 정보전 달이 인공 지능 인공 지능 음성 아바타 고령 인공 지능 거부 완화 사실 입 체감 홀로 그래픽 인공 지능 챗봇 케어,0.27217697400030283,0.16580026680994314,0.23092649337279464,0.22691169033939224,-1
인공 지능 합성 자동 인공 지능 자동 인공 지능 자동 온도 가중 치 가중 치 변 가중 가중 치 가중 치 비트 비트 비트 인공 지능 알고리즘 링 발 진기 이득 병렬 인공 지능 합성 자동 ai,1.17632076698793e-309,1.230359353304973e-309,1.0,1.369350841068627e-309,2
인공 지능 클라우드 도로포장 자동화 인공 지능 클라우드 도로포장 자동화 인공 지능 클라우드 포장 자동화 저장 스테레오 광학 카메라 열 카메라 도로포장 클라우드 열 인공 지능 클라우드 도로포장 자동화,0.09038226508832868,0.08207202692880756,0.11917911789840241,0.1299277715988038,-1
극 적절하다 제안 근력 강화 슈트 인공 지능 심박 심박 스마트 극 판 극 판 가하다 원통 신기 근력 강화 슈트 스마트 근력 강화 슈트 무선 통신 스마트 근력 강화 슈트 저장 학습 서버 근력 강화 슈트 인공 지능,1.0,7.42360973646704e-310,9.8406053732228e-310,6.77858576717236e-310,0
인공 지능 가상 캐릭터 인공 지능 가상 캐릭터 카메라 하나로 인공 지능 가상 캐릭터 생체 달성 가상 캐릭터 인공 지능 가상 캐릭터 ai,6.88559530732503e-310,8.85335623130213e-310,1.280175557289234e-309,1.0,3
인공 지능 위기 인공 지능 비명 위기 음성 음성 음성 비명 위기 위기 라면 위기 인공 지능 실시간 위기,9.08639559189583e-310,1.369369737300563e-309,1.50476646129306e-309,1.0,3
랙션 인공 지능 경연 대회 운영 경 대 스케줄 일정 나누어지다 랩 채점 스크립트 저장 채점 일정 나누어지다 랩 랩 참가자 답안 경연 대회 채점 스크립트 랭킹 참가자 랭킹 정 참가자 네트워킹 경연 대회 개최 서버 경연 대회 개최 서버 네트워킹 참가자 인공 지능 프로그래밍 향상 요구 인공 지능 솔루션 발굴 랙션 인공 지능 경연 대회 운영,1.0,7.13880877572355e-310,1.048946246322825e-309,7.36338378429554e-310,0
인공 지능 센서 센서 인공 지능 인공 지능 상호 전력 센서 센서 저장 휘발 센서 센서 센서 휘발 저장 센서 센서 센서 휘발 휘발 저장 센서 인공 지능 휘발 저장 센서 인공 지능,8.6625531209592e-310,1.0,1.47991811995532e-309,1.04678637053689e-309,1
인공 지능 신경망 분류 추적 인공 지능 신경망 내다 분류 추적 학습 신경망 학습 학습 빔포밍 입력값 학습 인공 지능 신경망 학습 신경망 학습 인공 지능 신경망 추론 빔포밍 추론 추론 추론 분류 추적 정확성 공간 분해능 우수하다 분류 추적 이점 인공 지능 신경망 분류 추적,0.16000915763093032,0.2668862285041494,0.29702880416052496,0.19831880965490695,-1
달 결 보완 인공 지능 연속 인공 지능 환경 결 연속 인공 지능,7.9667455106516e-310,1.0,1.206443276587673e-309,1.31155632855797e-309,1
대화 인공 지능 음성 언어 인공 지능 대화 언어 이해 파이프라인 대화 공함 이해도 높이다 인공 지능 대화,0.11750298529825703,0.11932183112824257,0.09597251984456134,0.07101633116408984,-1
대화 인공 지능 일상 전문 지식 주제 대화 인공 지능 일상 대화 설명 법률 인공 지능 대화 공함 일상 대화 법률 지식 원활하다 공함 대화 몰입도 자연스럽다 움 높이다 대화 인공 지능,0.2475794218408125,0.11185834172299981,0.14268892472489314,0.13595594374502115,0
인공 지능 보강 서버 인공 지능 논문 인공 지능 논문 보강 인공 지능 논문 저장 인공 지능 테스트 저장 인공 지능 논문 보강 인공 지능 논문 인공 지능 향상 참고 보강 인공 지능 보강 서버,1.03081494490899e-309,1.414392841069773e-309,1.0,1.241181308448374e-309,2
유사 양자화 인공 지능 학습 양자화 인공 지능 학습 인공 지능 학습 학습 학습 학습 양자화 양자화 양자화 학습 양자화 손실 분포 고려 양자화 재학 습하다 학습 유사 양자화 인공 지능 학습,0.09322662268319505,0.08987493451549586,0.09720401966805314,0.1112147536630859,-1
앤 인공 지능 설명 앤 인공 지능 설명 서버 인공 지능 설명 통신 설명 설명 인공 지능 설명 요구 인공 지능 앤 매니저 인공 지능 프레임워크 앤 매니저 설명 감안 설명 서버 설명 설명 주요 설명 주요 설명 서버 앤 매니저 설명 설명 설명 인공 지능 설명 앤 인공 지능 설명,0.2112755034333525,0.1938907946461733,0.31144863381129445,0.21289256465210638,-1
인공 지능 챗봇 케어 발화 음성 센서 챗봇 챗봇 네트워크 챗봇 챗봇 서버 캐릭터 챗봇 고령 시니어 인공 지능 챗봇 케어 사실 홀로 그래픽 기법 그래픽 직관 정보전 달이 인공 지능 인공 지능 음성 아바타 고령 인공 지능 거부 완화 사실 입 체감 홀로 그래픽 인공 지능 챗봇 케어,0.27136655088063943,0.16556562941120104,0.2313773498062466,0.22750589442434593,-1
인공 지능 합성 자동 인공 지능 자동 인공 지능 자동 온도 가중 치 가중 치 변 가중 가중 치 가중 치 비트 비트 비트 인공 지능 알고리즘 링 발 진기 이득 병렬 인공 지능 합성 자동 ai,1.17356778615689e-309,1.22522745282414e-309,1.0,1.3634359646828e-309,2
인공 지능 클라우드 도로포장 자동화 인공 지능 클라우드 도로포장 자동화 인공 지능 클라우드 포장 자동화 저장 스테레오 광학 카메라 열 카메라 도로포장 클라우드 열 인공 지능 클라우드 도로포장 자동화,0.09050134973424102,0.08197269270379662,0.11932398011873538,0.12976315895756949,-1
극 적절하다 제안 근력 강화 슈트 인공 지능 심박 심박 스마트 극 판 극 판 가하다 원통 신기 근력 강화 슈트 스마트 근력 강화 슈트 무선 통신 스마트 근력 강화 슈트 저장 학습 서버 근력 강화 슈트 인공 지능,1.0,7.41548622761305e-310,9.8059272482271e-310,6.76615610871623e-310,0
인공 지능 가상 캐릭터 인공 지능 가상 캐릭터 카메라 하나로 인공 지능 가상 캐릭터 생체 달성 가상 캐릭터 인공 지능 가상 캐릭터 ai,6.86072621853985e-310,8.75459365170016e-310,1.266496412646672e-309,1.0,3
인공 지능 위기 인공 지능 비명 위기 음성 음성 음성 비명 위기 위기 라면 위기 인공 지능 실시간 위기,8.99083997524706e-310,1.374231941722615e-309,1.49294341787002e-309,1.0,3
랙션 인공 지능 경연 대회 운영 경 대 스케줄 일정 나누어지다 랩 채점 스크립트 저장 채점 일정 나누어지다 랩 랩 참가자 답안 경연 대회 채점 스크립트 랭킹 참가자 랭킹 정 참가자 네트워킹 경연 대회 개최 서버 경연 대회 개최 서버 네트워킹 참가자 인공 지능 프로그래밍 향상 요구 인공 지능 솔루션 발굴 랙션 인공 지능 경연 대회 운영,1.0,7.103056966159e-310,1.04414154389252e-309,7.323783840804e-310,0
인공 지능 센서 센서 인공 지능 인공 지능 상호 전력 센서 센서 저장 휘발 센서 센서 센서 휘발 저장 센서 센서 센서 휘발 휘발 저장 센서 인공 지능 휘발 저장 센서 인공 지능,8.78219057187125e-310,1.0,1.504539153339336e-309,1.054047404831373e-309,1
인공 지능 신경망 분류 추적 인공 지능 신경망 내다 분류 추적 학습 신경망 학습 학습 빔포밍 입력값 학습 인공 지능 신경망 학습 신경망 학습 인공 지능 신경망 추론 빔포밍 추론 추론 추론 분류 추적 정확성 공간 분해능 우수하다 분류 추적 이점 인공 지능 신경망 분류 추적,0.16128615550124795,0.2673386292078464,0.2946731418295295,0.19894507341188766,-1
달 결 보완 인공 지능 연속 인공 지능 환경 결 연속 인공 지능,7.9463937282101e-310,1.0,1.20620769160735e-309,1.32414150317713e-309,1
대화 인공 지능 음성 언어 인공 지능 대화 언어 이해 파이프라인 대화 공함 이해도 높이다 인공 지능 대화,0.11713382770885516,0.11958267517113343,0.0960125353681233,0.07108462918703891,-1
대화 인공 지능 일상 전문 지식 주제 대화 인공 지능 일상 대화 설명 법률 인공 지능 대화 공함 일상 대화 법률 지식 원활하다 공함 대화 몰입도 자연스럽다 움 높이다 대화 인공 지능,0.24184590413056212,0.1141343060375307,0.14331007678827665,0.1387923450773571,0
인공 지능 보강 서버 인공 지능 논문 인공 지능 논문 보강 인공 지능 논문 저장 인공 지능 테스트 저장 인공 지능 논문 보강 인공 지능 논문 인공 지능 향상 참고 보강 인공 지능 보강 서버,1.031797665864226e-309,1.416521062628345e-309,1.0,1.238629357755445e-309,2
유사 양자화 인공 지능 학습 양자화 인공 지능 학습 인공 지능 학습 학습 학습 학습 양자화 양자화 양자화 학습 양자화 손실 분포 고려 양자화 재학 습하다 학습 유사 양자화 인공 지능 학습,0.09316538785766527,0.08985193557395375,0.0972499835355912,0.11125302356261971,-1
앤 인공 지능 설명 앤 인공 지능 설명 서버 인공 지능 설명 통신 설명 설명 인공 지능 설명 요구 인공 지능 앤 매니저 인공 지능 프레임워크 앤 매니저 설명 감안 설명 서버 설명 설명 주요 설명 주요 설명 서버 앤 매니저 설명 설명 설명 인공 지능 설명 앤 인공 지능 설명,0.21128066727447356,0.1925393884953398,0.31287935149105184,0.2128080892820614,-1
인공 지능 챗봇 케어 발화 음성 센서 챗봇 챗봇 네트워크 챗봇 챗봇 서버 캐릭터 챗봇 고령 시니어 인공 지능 챗봇 케어 사실 홀로 그래픽 기법 그래픽 직관 정보전 달이 인공 지능 인공 지능 음성 아바타 고령 인공 지능 거부 완화 사실 입 체감 홀로 그래픽 인공 지능 챗봇 케어,0.272832266782287,0.16600147064749093,0.23055589942253932,0.22642578767011556,-1
인공 지능 합성 자동 인공 지능 자동 인공 지능 자동 온도 가중 치 가중 치 변 가중 가중 치 가중 치 비트 비트 비트 인공 지능 알고리즘 링 발 진기 이득 병렬 인공 지능 합성 자동 ai,1.16856995398262e-309,1.216079898417167e-309,1.0,1.352873788429285e-309,2
인공 지능 클라우드 도로포장 자동화 인공 지능 클라우드 도로포장 자동화 인공 지능 클라우드 포장 자동화 저장 스테레오 광학 카메라 열 카메라 도로포장 클라우드 열 인공 지능 클라우드 도로포장 자동화,0.09049630706052503,0.08216756838362933,0.11891114360906008,0.129986162461128,-1
극 적절하다 제안 근력 강화 슈트 인공 지능 심박 심박 스마트 극 판 극 판 가하다 원통 신기 근력 강화 슈트 스마트 근력 강화 슈트 무선 통신 스마트 근력 강화 슈트 저장 학습 서버 근력 강화 슈트 인공 지능,1.0,7.42102444190797e-310,9.82949604521443e-310,6.7746053138927e-310,0
인공 지능 가상 캐릭터 인공 지능 가상 캐릭터 카메라 하나로 인공 지능 가상 캐릭터 생체 달성 가상 캐릭터 인공 지능 가상 캐릭터 ai,6.8773454344161e-310,8.80173636191576e-310,1.27396253411743e-309,1.0,3
인공 지능 위기 인공 지능 비명 위기 음성 음성 음성 비명 위기 위기 라면 위기 인공 지능 실시간 위기,9.05766807317877e-310,1.37198858547906e-309,1.50649994398095e-309,1.0,3
랙션 인공 지능 경연 대회 운영 경 대 스케줄 일정 나누어지다 랩 채점 스크립트 저장 채점 일정 나누어지다 랩 랩 참가자 답안 경연 대회 채점 스크립트 랭킹 참가자 랭킹 정 참가자 네트워킹 경연 대회 개최 서버 경연 대회 개최 서버 네트워킹 참가자 인공 지능 프로그래밍 향상 요구 인공 지능 솔루션 발굴 랙션 인공 지능 경연 대회 운영,1.0,7.12052689942713e-310,1.047982106654633e-309,7.32866278641816e-310,0
인공 지능 센서 센서 인공 지능 인공 지능 상호 전력 센서 센서 저장 휘발 센서 센서 센서 휘발 저장 센서 센서 센서 휘발 휘발 저장 센서 인공 지능 휘발 저장 센서 인공 지능,8.69780044003005e-310,1.0,1.487223820927143e-309,1.048970623205554e-309,1
인공 지능 신경망 분류 추적 인공 지능 신경망 내다 분류 추적 학습 신경망 학습 학습 빔포밍 입력값 학습 인공 지능 신경망 학습 신경망 학습 인공 지능 신경망 추론 빔포밍 추론 추론 추론 분류 추적 정확성 공간 분해능 우수하다 분류 추적 이점 인공 지능 신경망 분류 추적,0.16054915328914218,0.26615378830816067,0.29626624832677406,0.19927381002643474,-1
